name,slug,category,acts,hp_text,hp_sort_value,appearances,fact_hp,fact_type,fact_acts,fact_moves,fact_rooms,fact_ascension,move_preview,moves_compact,pattern,notes_compact,encounters_compact,summary,source_url,fetched_at_utc
Ovicopter,ovicopter,,,124 - 130 (126 - 132),,,124 - 130 (126 - 132),monster,The Hive,4,1,126-132,Lay Eggs / Smash 16 / Tenderizer 7,Utility::Lay Eggs::Summon up to 3 Tough Eggs | Attack::Smash::Damage 16 (17) | Attack::Tenderizer::Damage 7 (8) / Apply 2 Vulnerable | Buff::Nutritional Paste::Gain 3 (4) Strength,"Starts with Lay Eggs -> Smash -> Tenderizer. -> If 3 allies are alive after Tenderizer, uses Nutritional Paste -> Smash -> Tenderizer. -> If less than 3 allies are alive after Tenderizer, uses Lay Eggs -> Smash -> Tenderizer.","Lay Eggs will summon until there are 3 allies alive (no allies alive -> summons 3, 1 allies alive -> summons 2, etc)",Ovicopter: 1 Ovicopter,"Ovicopter is a Slay the Spire 2 monster enemy found in The Hive. This page collects HP ranges, move text, attack pattern notes, and mapped encounter appearances in one reference.",https://sts2.wiki/enemies/ovicopter/,2026-05-17T08:53:55.817058+00:00
Stage 1,stage-1,boss,,100 (111),0,0,100 (111),boss,,2,0,,Bite / Skull Bash,Utility::Bite::Damage 20 (22) | Debuff::Skull Bash::Damage 14 (16) / Apply 1 Vulnerable,"Cycles through Bite -> Skull Bash. When killed, revive next turn in stage 2.","Starts with Enrage 3. | Enrage X: Whenever you play a skill, gain X Strength.",,"Stage 1 is a Slay the Spire 2 boss enemy found in . This page collects HP ranges, move text, attack pattern notes, and mapped encounter appearances in one reference.",https://sts2.wiki/enemies/stage-1/,2026-05-17T08:53:55.817058+00:00
Stage 2,stage-2,boss,,200 (212),0,0,200 (212),boss,,2,0,,Multi-Claw / Pounce,Utility::Multi-Claw::Damage 10xN (11xN) / (N = 3 + # times Multi-Claw has been used) | Utility::Pounce::Damage 30 (32),"Cycles through Multi-Claw -> Pounce. When killed, revive next turn in stage 3.",Starts with Painful Stabs 1. | Painful Stabs X: Shuffle X Wounds into discard when inflicting unblocked damage.,,"Stage 2 is a Slay the Spire 2 boss enemy found in . This page collects HP ranges, move text, attack pattern notes, and mapped encounter appearances in one reference.",https://sts2.wiki/enemies/stage-2/,2026-05-17T08:56:12.541104+00:00
Stage 3,stage-3,boss,,300 (313),0,0,300 (313),boss,,3,0,,Lacerate / Big Pounce / Burning Growl,Utility::Lacerate::Damage 10x3 (11x3) | Utility::Big Pounce::Damage 45 | Buff::Burning Growl::Shuffle 3 (5) Burns into discard / Gain 2 (3) Strength,Cycles through Lacerate -> Big Pounce -> Burning Growl.,"Starts with Nemesis, which will immediately give 1 Intangible. | Nemesis: At the end of every other turn, gain 1 Intangible.",,"Stage 3 is a Slay the Spire 2 boss enemy found in . This page collects HP ranges, move text, attack pattern notes, and mapped encounter appearances in one reference.",https://sts2.wiki/enemies/stage-3/,2026-05-17T08:53:55.817058+00:00
Door,door,boss,The Glory,155 (165),165,1,155 (165),boss,The Glory,4,1,,Dramatic Open 25 / Door Slam 15 / Enforce 20,Attack::Dramatic Open::Damage 25 (28) | Attack::Door Slam::Damage 15x2 | Attack::Enforce::Damage 20 / Gain 3 (4) Strength | Utility::Dead::No effect text documented yet.,"Cycles through Dramatic Open -> Door Slam -> Enforce. On death, becomes Doormaker.",Starts with 3*N (4*N) strength | Has 20*N (25*N) extra max HP. | N = Number of times Door has been summoned (starts at N=0).,The Doormaker: 1 Door,"Door is a Slay the Spire 2 boss enemy found in The Glory. This page collects HP ranges, move text, attack pattern notes, and mapped encounter appearances in one reference.",https://sts2.wiki/enemies/door/,2026-05-17T08:53:55.817058+00:00
Doormaker,doormaker,boss,The Glory,489 (512),512,1,489 (512),boss,The Glory,3,1,,Beam / Get Back In 40 / What Is It,Utility::Beam::Damage 31 (34) | Attack::Get Back In::Damage 40 (45) / Gains 5 Strength / Becomes Door | Utility::What Is It::No effect text documented yet.,Does Beam -> Get Back In.,Starts the fight as Door.,The Doormaker: 1 Door,"Doormaker is a Slay the Spire 2 boss enemy found in The Glory. This page collects HP ranges, move text, attack pattern notes, and mapped encounter appearances in one reference.",https://sts2.wiki/enemies/doormaker/,2026-05-17T08:53:55.817058+00:00
Queen,queen,boss,The Glory,400 (419),419,1,400 (419),boss,The Glory,7,1,,Puppet Strings / You Are Mine! / Burn Bright For Me,Utility::Puppet Strings::Apply Chains of Binding 3 | Debuff::You Are Mine!::Apply 99 Frail / Apply 99 Weak / Apply 99 Vulnerable | Buff::Burn Bright For Me::Give allies 1 Strength / Block 20 | Attack::Off With Your Head::Damage 3x5 (4x5) | Attack::Execution::Damage 15 (18) | Buff::Enrage::Gain 2 Strength | Utility::Your Mine::No effect text documented yet.,"Begins with Puppet Strings -> You Are Mine! Afterwards, while Amalgam is alive, always does Burn Bright For Me. If Amalgam dies and intent is Burn Bright For Me, intent is immediately replaced with Enrage. After Amalgam dies, cycles Off With Your Head -> Execution -> Enrage.","Starts with a Torch Head Amalgam in play. | If Amalgam dies, and intent is Burn Bright For Me, Enrage instead.",Queen: 1 Queen,"Queen is a Slay the Spire 2 boss enemy found in The Glory. This page collects HP ranges, move text, attack pattern notes, and mapped encounter appearances in one reference.",https://sts2.wiki/enemies/queen/,2026-05-17T08:53:55.817058+00:00
Test Subject #C{Count},test-subject-c-count,boss,The Glory,HP pending,0,1,Pending,boss,The Glory,8,1,,Respawn / Bite 20 / Skull Bash 14,Utility::Respawn::No effect text documented yet. | Attack::Bite::Deals 20 (22 ascension) damage. | Attack::Skull Bash::Deals 14 (16 ascension) damage. | Attack::Pounce::Deals 30 (32 ascension) damage. | Attack::Multi Claw::Deals 10 (11 ascension) damage. | Attack::Phase3 Lacerate::Deals 10 (11 ascension) damage. | Attack::Big Pounce::Deals 45 damage. | Utility::Burning Growl::No effect text documented yet.,No attack pattern note is documented yet.,,Test Subject: 1 Test Subject #C14 (Stage 1),"Test Subject #C{Count} is a Slay the Spire 2 boss enemy found in The Glory. This page collects HP ranges, move text, attack pattern notes, and mapped encounter appearances in one reference.",https://sts2.wiki/enemies/test-subject-c-count/,2026-05-17T08:53:55.817058+00:00
Torch Head Amalgam,torch-head-amalgam,boss,The Glory,199 (211),211,1,199 (211),boss,The Glory,8,1,,Tackle / Soul Beam / Weak Tackle,Utility::Tackle::Damage 18 (19) | Utility::Soul Beam::Damage 8x3 | Utility::Weak Tackle::Damage 14 (15) | Attack::Tackle 1::Deals 18 (19 ascension) damage. | Attack::Tackle 2::Deals 18 (19 ascension) damage. | Utility::Beam::No effect text documented yet. | Attack::Tackle 3::Deals 18 (19 ascension) damage. | Attack::Tackle 4::Deals 18 (19 ascension) damage.,"Begins with Tackle -> Tackle. Afterwards, cycles Soul Beam -> Weak Tackle -> Weak Tackle.",,Queen: 1 Queen,"Torch Head Amalgam is a Slay the Spire 2 boss enemy found in The Glory. This page collects HP ranges, move text, attack pattern notes, and mapped encounter appearances in one reference.",https://sts2.wiki/enemies/torch-head-amalgam/,2026-05-17T08:53:55.817058+00:00
Crusher,crusher,boss,The Hive,199 (209),209,1,199 (209),boss,The Hive,5,1,,Thrash 12 / Enlarging Strike 4 / Bug Sting 6,Attack::Thrash::Damage 12 (14) | Attack::Enlarging Strike::Damage 4 | Attack::Bug Sting::Damage 6x2 (7x2) / Apply 2 Weak / Apply 2 Frail | Buff::Adapt::Gain 2 Strength | Attack::Guarded Strike::Damage 12 (14) / Block 18,Cycles through Thrash -> Enlarging Strike -> Bug Sting -> Adapt -> Guarded Strike.,"Starts with Back Attack and Crab Rage 5. | Back Attack: Deals 50% more damage if attacking you from behind. | Crab Rage X: When an ally dies, gains 5 strength and 99 block.",Kaiser Crab: 1 Crusher,"Crusher is a Slay the Spire 2 boss enemy found in The Hive. This page collects HP ranges, move text, attack pattern notes, and mapped encounter appearances in one reference.",https://sts2.wiki/enemies/crusher/,2026-05-17T08:53:55.817058+00:00
Knowledge Demon,knowledge-demon,boss,The Hive,379 (399),399,1,379 (399),boss,The Hive,4,1,,Curse of Knowledge / Slap 17 / Knowledge Overwhelming 8,Debuff::Curse of Knowledge::Player must choose one of two debuffs: / 1st choice: Disentegration 6 or Mind Rot / 2nd choice: Disentegration 7 or Sloth / 3rd Choice: Disentegration 8 or Waste Away | Attack::Slap::Damage 17 (18) | Attack::Knowledge Overwhelming::Damage 8x3 (9x3) | Attack::Ponder::Damage 11 (13) / Heal 30* / Gain 2 (3) Strength,Cycles through Curse of Knowledge -> Slap -> Knowledge Overwhelming -> Ponder until Curse of Knowledge has been used 3 times. Then cycles through Slap -> Knowledge Overwhelming -> Ponder.,Disintegration X: Take X damage at the end of your turn. | (Stacks additively if selected multiple times) | Mind Rot: Draw 1 fewer card at the start of your turn | Sloth: You cannot play more than 3 cards per turn | Waste Away: Gain 1 less energy at the start of your turn | * Heal is multiplied by player count,Knowledge Demon: 1 Knowledge Demon,"Knowledge Demon is a Slay the Spire 2 boss enemy found in The Hive. This page collects HP ranges, move text, attack pattern notes, and mapped encounter appearances in one reference.",https://sts2.wiki/enemies/knowledge-demon/,2026-05-17T08:53:55.817058+00:00
Rocket,rocket,boss,The Hive,189 (199),199,1,189 (199),boss,The Hive,5,1,,Targeting Reticle 3 / Precision Beam 18 / Charge Up,Attack::Targeting Reticle::Damage 3 (4) | Attack::Precision Beam::Damage 18 (20) | Buff::Charge Up::Strength 2 | Attack::Laser::Damage 31 (35) | Utility::Recharge::Pass turn,Cycles through Targeting Reticle -> Precision Beam -> Charge Up -> Laser -> Recharge.,Starts with Back Attack and Crab Rage 5.,Kaiser Crab: 1 Crusher,"Rocket is a Slay the Spire 2 boss enemy found in The Hive. This page collects HP ranges, move text, attack pattern notes, and mapped encounter appearances in one reference.",https://sts2.wiki/enemies/rocket/,2026-05-17T08:53:55.817058+00:00
The Insatiable,the-insatiable,boss,The Hive,321 (341),341,1,321 (341),boss,The Hive,6,1,,Liquify Ground / Thrash / Lunging Bite,Utility::Liquify Ground::Gain Sandpit 4 / Shuffle 3 Frantic Escapes into draw / Shuffle 3 Frantic Escapes into discard | Utility::Thrash::Damage 8x2 (9x2) | Utility::Lunging Bite::Damage 28 (31) | Buff::Salivate::Gain 2 (3) Strength | Attack::Thrash Move 1::Deals 8 (9 ascension) damage. | Attack::Thrash Move 2::Deals 8 (9 ascension) damage.,"Starts with Liquify Ground. Afterwards, cycles through Thrash -> Lunging Bite -> Salivate -> Thrash.","Sandpit X: In X turns, instantly die. | Frantic Escape: 1 cost status, increase card cost and Sandpit by 1.",The Insatiable: 1 The Insatiable,"The Insatiable is a Slay the Spire 2 boss enemy found in The Hive. This page collects HP ranges, move text, attack pattern notes, and mapped encounter appearances in one reference.",https://sts2.wiki/enemies/the-insatiable/,2026-05-17T08:53:55.817058+00:00
Ceremonial Beast,ceremonial-beast,boss,The Overgrowth,252 (262),262,1,252 (262),boss,The Overgrowth,6,1,,Stamp / Plow 18 / Beast Cry,Utility::Stamp::Gains Plow 150 (160) | Attack::Plow::Damage 18 (20) / Gains 2 Strength | Utility::Beast Cry::Apply Ringing | Attack::Stomp::Damage 15 (17) | Attack::Crush::Damage 17 (19) / Gains 3 (4) Strength | Utility::Stun::No effect text documented yet.,"Starts with Stamp. Then uses Plow every turn until it is stunned. -> After being stunned, cycles through Beast Cry -> Stomp -> Crush.","Plow X: The first time Ceremonial Beast's HP reaches X or below, it becomes stunned and loses all strength. | Ringing: You can only play 1 card this turn.",Ceremonial Beast: 1 Ceremonial Beast,"Ceremonial Beast is a Slay the Spire 2 boss enemy found in The Overgrowth. This page collects HP ranges, move text, attack pattern notes, and mapped encounter appearances in one reference.",https://sts2.wiki/enemies/ceremonial-beast/,2026-05-17T08:53:55.817058+00:00
Kin Follower (Minion),kin-follower-minion,boss,The Overgrowth,58 - 59 (62 - 63),63,1,58 - 59 (62 - 63),boss,The Overgrowth,3,1,62-63,Quick Slash 5 / Boomerang 2 / Power Dance,Attack::Quick Slash::Damage 5 | Attack::Boomerang::Damage 2x2 | Buff::Power Dance::Gain 2 (3) Strength,Cycles through Quick Slash -> Boomerang -> Power Dance.,Kin Follower is a minion.,The Kin: 1 Kin Priest,"Kin Follower (Minion) is a Slay the Spire 2 boss enemy found in The Overgrowth. This page collects HP ranges, move text, attack pattern notes, and mapped encounter appearances in one reference.",https://sts2.wiki/enemies/kin-follower-minion/,2026-05-17T08:53:55.817058+00:00
Kin Priest,kin-priest,boss,The Overgrowth,190 (199),199,1,190 (199),boss,The Overgrowth,4,1,,Orb of Frailty 8 / Orb of Weakness 8 / Beam 3,Attack::Orb of Frailty::Damage 8 (9) / Apply 1 Frail | Attack::Orb of Weakness::Damage 8 (9) / Apply 1 Weak | Attack::Beam::Damage 3x3 | Buff::Ritual::Gain 2 (3) Strength,Cycles through Orb of Frailty -> Orb of Weakness -> Beam -> Ritual.,,The Kin: 1 Kin Priest,"Kin Priest is a Slay the Spire 2 boss enemy found in The Overgrowth. This page collects HP ranges, move text, attack pattern notes, and mapped encounter appearances in one reference.",https://sts2.wiki/enemies/kin-priest/,2026-05-17T08:53:55.817058+00:00
Vantom,vantom,boss,The Overgrowth,173 (183),183,1,173 (183),boss,The Overgrowth,4,1,,Ink Blot 7 / Inky Lance 6 / Dismember 27,Attack::Ink Blot::Damage 7 (8) | Attack::Inky Lance::Damage 6x2 (7x2) | Attack::Dismember::Damage 27 (30) / Add 3 Wounds into discard | Buff::Prepare::Gain 2 Strength,Cycles through Ink Blot -> Inky Lance -> Dismember -> Prepare.,"Starts with Slippery 9 | Slippery X: The next X times this loses HP, only lose 1.",Vantom: 1 Vantom,"Vantom is a Slay the Spire 2 boss enemy found in The Overgrowth. This page collects HP ranges, move text, attack pattern notes, and mapped encounter appearances in one reference.",https://sts2.wiki/enemies/vantom/,2026-05-17T08:53:55.817058+00:00
Lagavulin Matriarch,lagavulin-matriarch,boss,The Underdocks,222 (233),233,1,222 (233),boss,The Underdocks,5,1,,Slash 19 / Disembowel 9 / Slash 2 12,Attack::Slash::Damage 19 (21) | Attack::Disembowel::Damage 9x2 (10x2) | Attack::Slash 2::Damage 12 (14) / Block 12 (14) | Buff::Soul Siphon::Apply -2 Strength / Apply -2 Dexterity / Gain 2 Strength | Utility::Sleep::No effect text documented yet.,Cycles through Slash -> Disembowel -> Slash 2 -> Soul Siphon.,"Starts with 12 Plating, and sleeps for 3 turns or until losing HP. | On wakeup, all Plating is removed.",Lagavulin Matriarch: 1 Lagavulin Matriarch,"Lagavulin Matriarch is a Slay the Spire 2 boss enemy found in The Underdocks. This page collects HP ranges, move text, attack pattern notes, and mapped encounter appearances in one reference.",https://sts2.wiki/enemies/lagavulin-matriarch/,2026-05-17T08:53:55.817058+00:00
Soul Fysh,soul-fysh,boss,The Underdocks,211 (221),221,1,211 (221),boss,The Underdocks,5,1,,Beckon / De-Gas 16 / Gaze 7,Utility::Beckon::Shuffle 1 Beckon into draw / Shuffle 1 Beckon into discard | Attack::De-Gas::Damage 16 (17) | Attack::Gaze::Damage 7 (8) / Shuffle 1 Beckon into discard | Utility::Fade::Gain 2* Intangible | Attack::Scream::Damage 11 (12) / Apply 3 Vulnerable,Cycles through Beckon -> De-Gas -> Gaze -> Fade -> Scream.,"Beckon: 1 cost status, lose 6 HP if it is in hand at the end of turn. | * One of the 2 Intangible from Fade ticks down immediately.",Soul Fysh: 1 Soul Fysh,"Soul Fysh is a Slay the Spire 2 boss enemy found in The Underdocks. This page collects HP ranges, move text, attack pattern notes, and mapped encounter appearances in one reference.",https://sts2.wiki/enemies/soul-fysh/,2026-05-17T08:53:55.817058+00:00
Waterfall Giant,waterfall-giant,boss,The Underdocks,250 (260),260,1,250 (260),boss,The Underdocks,8,1,,Pressurize / Stomp 15 / Ram 10,Utility::Pressurize::Gain 15 (20) Steam Eruption | Attack::Stomp::Damage 15 (16) / Apply 1 Weak / Gain 3 Steam Eruption | Attack::Ram::Damage 10 (11) / Gain 3 Steam Eruption | Utility::Siphon::Heal 15* / Gain 3 Steam Eruption | Utility::Pressure Gun::Damage 20 (23) + 5*N / N = # of times this move was used / Gain 3 Steam Eruption | Attack::Pressure Up::Damage 13 (14) / Gain 3 Steam Eruption | Utility::About To Blow::No effect text documented yet. | Utility::Explode::No effect text documented yet.,Cycles through Pressurize -> Stomp -> Ram -> Siphon -> Pressure Gun -> Pressure Up.,"Steam Eruption X: After dying, wait 1 turn, then attack for X damage. | * Heal is multiplied by player count",Waterfall Giant: 1 Waterfall Giant,"Waterfall Giant is a Slay the Spire 2 boss enemy found in The Underdocks. This page collects HP ranges, move text, attack pattern notes, and mapped encounter appearances in one reference.",https://sts2.wiki/enemies/waterfall-giant/,2026-05-17T08:53:55.817058+00:00
Decimillipede (3 segments),decimillipede-3-segments,elite,,42 - 48 (48 - 56),56,0,42 - 48 (48 - 56),elite,,5,0,48-56,Writhe 5 / Bulk 6 / Constrict 8,Attack::Writhe::Damage 5x2 (6x2) | Attack::Bulk::Damage 6 (7) / Gain 2 Strength | Attack::Constrict::Damage 8 (9) / Apply 1 Weak | Utility::Dead::No effect text documented yet. | Utility::Reattach::No effect text documented yet.,"First segment starts with a random move, second segment starts with the next move in the cycle Writhe -> Bulk -> Constrict, and third segment starts with the next move after that. -> Cycles through Writhe -> Constrict -> Bulk. -> When killed, spends one turn dead and then one turn reviving with 25 HP. After reviving, continues the regular attack cycle from a random starting move.","Starts with Reattach. | Reattach: If other segments are still alive, revives after 2 turns with 25 HP.",,"Decimillipede (3 segments) is a Slay the Spire 2 elite enemy found in . This page collects HP ranges, move text, attack pattern notes, and mapped encounter appearances in one reference.",https://sts2.wiki/enemies/decimillipede-3-segments/,2026-05-17T08:53:55.817058+00:00
Flail Knight,flail-knight,elite,The Glory,101 (108),108,1,101 (108),elite,The Glory,3,1,,War Chant / Flail 9 / Ram 15,Buff::War Chant::Gain 3 Strength | Attack::Flail::Damage 9x2 (10x2) | Attack::Ram::Damage 15 (17),"Starts with Ram. Then chooses randomly between War Chant, Flail, and Ram (allowed options equally likely). Flail and Ram cannot be used more than twice in a row. War Chant cannot be used twice in a row.",,Knight Gang: 1 Flail Knight,"Flail Knight is a Slay the Spire 2 elite enemy found in The Glory. This page collects HP ranges, move text, attack pattern notes, and mapped encounter appearances in one reference.",https://sts2.wiki/enemies/flail-knight/,2026-05-17T08:53:55.817058+00:00
Magi Knight,magi-knight,elite,The Glory,82 (89),89,1,82 (89),elite,The Glory,7,1,,Power Shield / Dampen / Prep,Utility::Power Shield::Damage 6 (7) / Block 5 (9) | Utility::Dampen::Apply Dampen | Utility::Prep::Block 5 (9) | Utility::Magic Bomb::Damage 35 (40) | Utility::Spear::Damage 10 (11) | Utility::First Power Shield::No effect text documented yet. | Utility::Ram::No effect text documented yet.,Cycles through Power Shield -> Dampen -> Spear -> Prep -> Magic Bomb.,"Dampen: While Magi Knight is alive, all your upgraded cards are downgraded.",Knight Gang: 1 Flail Knight,"Magi Knight is a Slay the Spire 2 elite enemy found in The Glory. This page collects HP ranges, move text, attack pattern notes, and mapped encounter appearances in one reference.",https://sts2.wiki/enemies/magi-knight/,2026-05-17T08:53:55.817058+00:00
Mecha Knight,mecha-knight,elite,The Glory,300 (320),320,1,300 (320),elite,The Glory,4,1,,Charge 25 / Flamethrower / Windup,Attack::Charge::Damage 25 (30) | Utility::Flamethrower::Add 4 Burns to Hand | Defense::Windup::Block 15 / Strength 5 | Attack::Heavy Cleave::Damage 35 (40),Starts with Charge. Then cycles through Flamethrower -> Windup -> Heavy Cleave.,Starts with Artifact 3,Mecha Knight: 1 Mecha Knight,"Mecha Knight is a Slay the Spire 2 elite enemy found in The Glory. This page collects HP ranges, move text, attack pattern notes, and mapped encounter appearances in one reference.",https://sts2.wiki/enemies/mecha-knight/,2026-05-17T08:53:55.817058+00:00
Soul Nexus,soul-nexus,elite,The Glory,234 (254),254,1,234 (254),elite,The Glory,3,1,,Soul Burn 29 / Maelstrom 6 / Drain Life 18,Attack::Soul Burn::Damage 29 (31) | Attack::Maelstrom::Damage 6x4 (7x4) | Attack::Drain Life::Damage 18 (19) / Apply 2 Vulnerable / Apply 2 Weak,"Starts with Soul Burn. Then picks randomly between Soul Burn, Maelstrom, and Drain Life (all allowed options equally likely). Cannot use the same move twice in a row.",,Soul Nexus: 1 Soul Nexus,"Soul Nexus is a Slay the Spire 2 elite enemy found in The Glory. This page collects HP ranges, move text, attack pattern notes, and mapped encounter appearances in one reference.",https://sts2.wiki/enemies/soul-nexus/,2026-05-17T08:53:55.817058+00:00
Spectral Knight,spectral-knight,elite,The Glory,93 (97),97,1,93 (97),elite,The Glory,3,1,,Hex / Soul Slash 15 / Soul Flame 3,Utility::Hex::Apply Hex | Attack::Soul Slash::Damage 15 (17) | Attack::Soul Flame::Damage 3x3 (4x3),Starts with Hex and then Soul Slash. Then chooses randomly between Soul Slash and Soul Flame (allowed options equally likely). Soul Slash cannot be used more than twice in a row. Soul Flame cannot be used twice in a row.,"Hex: While Spectral Knight is alive, all your cards are ethereal.",Knight Gang: 1 Flail Knight,"Spectral Knight is a Slay the Spire 2 elite enemy found in The Glory. This page collects HP ranges, move text, attack pattern notes, and mapped encounter appearances in one reference.",https://sts2.wiki/enemies/spectral-knight/,2026-05-17T08:53:55.817058+00:00
Entomancer,entomancer,elite,The Hive,145 (155),155,1,145 (155),elite,The Hive,4,1,,Pheromone Spit / Bees / Spear 18,Buff::Pheromone Spit::If less than 3 Personal Hive: Gain 1 Personal Hive and 1 Strength / If at 3 Personal Hive: Gain 2 Strength | Utility::Bees::Damage 3x7 (3x8) | Attack::Spear::Damage 18 (20) | Utility::Beeeees!::No effect text documented yet.,"Cycles through Bees -> Spear -> Pheromone Spit. After reaching 3 stacks of Personal Hive, switches to gaining 2 strength when using Pheromone Spit.",Starts with Personal Hive 1 | Personal Hive X: Add X Dazed to the draw pile whenever hit by an attack.,Entomancer: 1 Entomancer,"Entomancer is a Slay the Spire 2 elite enemy found in The Hive. This page collects HP ranges, move text, attack pattern notes, and mapped encounter appearances in one reference.",https://sts2.wiki/enemies/entomancer/,2026-05-17T08:53:55.817058+00:00
Infested Prism,infested-prism,elite,The Hive,200 (215),215,1,200 (215),elite,The Hive,4,1,,Jab 22 / Radiate 16 / Whirlwind 9,Attack::Jab::Damage 22 (24) | Attack::Radiate::Damage 16 (18) / Block 16 (18) | Attack::Whirlwind::Damage 9x3 (10x3) | Buff::Pulsate::Block 20 (22) / Gain 4 (5) Strength,Cycles through Jab -> Radiate -> Whirlwind -> Pulsate,"Starts with Vital Spark 1 | Vital Spark X: The first time Infected Prism takes attack damage each turn, the attacked gains X energy.",Infested Prism: 1 Infested Prism,"Infested Prism is a Slay the Spire 2 elite enemy found in The Hive. This page collects HP ranges, move text, attack pattern notes, and mapped encounter appearances in one reference.",https://sts2.wiki/enemies/infested-prism/,2026-05-17T08:53:55.817058+00:00
Bygone Effigy,bygone-effigy,elite,The Overgrowth,127 (132),132,1,127 (132),elite,The Overgrowth,5,1,,Sleep / Wake / Slash,Utility::Sleep::Pass Turn | Buff::Wake::Gain 10 Strength | Utility::Slash::Damage 15 (17) | Utility::Initial Sleep::No effect text documented yet. | Attack::Slashes::Deals 15 (17 ascension) damage.,Starts with Sleep -> Wake -> Slash. Then uses Slash every turn after.,Starts with Slow | Slow: Attacks deal 10% extra damage for every card played this turn.,Bygone Effigy: 1 Bygone Effigy,"Bygone Effigy is a Slay the Spire 2 elite enemy found in The Overgrowth. This page collects HP ranges, move text, attack pattern notes, and mapped encounter appearances in one reference.",https://sts2.wiki/enemies/bygone-effigy/,2026-05-17T08:53:55.817058+00:00
Byrdonis,byrdonis,elite,The Overgrowth,91 - 94 (99),99,1,91 - 94 (99),elite,The Overgrowth,2,1,99-99,Peck 3 / Swoop 16,Attack::Peck::Damage 3x3 (4x3) | Attack::Swoop::Damage 16 (18),Alternates between Swoop -> Peck.,"Starts with Territorial 1 | Territorial X: At the end of its turn, gains X strength.",Byrdonis: 1 Byrdonis,"Byrdonis is a Slay the Spire 2 elite enemy found in The Overgrowth. This page collects HP ranges, move text, attack pattern notes, and mapped encounter appearances in one reference.",https://sts2.wiki/enemies/byrdonis/,2026-05-17T08:53:55.817058+00:00
Phrog Parasite,phrog-parasite,elite,The Overgrowth,61 - 64 (66 - 68),68,1,61 - 64 (66 - 68),elite,The Overgrowth,2,1,66-68,Infect / Lash 4,Utility::Infect::Add 3 Infection to Discard | Attack::Lash::Damage 4x4 (5x4),Alternates between Infect -> Lash.,Starts with Infested 4 | Infested X: Summons X Wrigglers after dying (they start stunned).,Phrog Parasite: 1 Phrog Parasite,"Phrog Parasite is a Slay the Spire 2 elite enemy found in The Overgrowth. This page collects HP ranges, move text, attack pattern notes, and mapped encounter appearances in one reference.",https://sts2.wiki/enemies/phrog-parasite/,2026-05-17T08:53:55.817058+00:00
Phantasmal Gardener,phantasmal-gardener,elite,The Underdocks,28 - 32 (29 -33),33,1,28 - 32 (29 -33),elite,The Underdocks,4,1,29-33,Bite 5 / Lash 7 / Flail 1,Attack::Bite::Damage 5 | Attack::Lash::Damage 7 | Attack::Flail::Damage 1x3 | Buff::Enlarge::Strength 2 (3),"1st one starts with Flail, 2nd with Bite, 3rd with Lash, and 4th with Enlarge. Then cycle through Bite -> Lash -> Flail -> Enlarge.",Starts with Skittish 6 (7) | Skittish X: First time hit each turn gain X block.,Phantasmal Gardeners: 4 Phantasmal Gardeners,"Phantasmal Gardener is a Slay the Spire 2 elite enemy found in The Underdocks. This page collects HP ranges, move text, attack pattern notes, and mapped encounter appearances in one reference.",https://sts2.wiki/enemies/phantasmal-gardener/,2026-05-17T08:53:55.817058+00:00
Skulking Colony,skulking-colony,elite,The Underdocks,79 (84),84,1,79 (84),elite,The Underdocks,4,1,,Inertia / Zoom 16 / Super Crab 6,Buff::Inertia::Block 10 (13) / Gain 3 Strength | Attack::Zoom::Damage 16 (17) | Attack::Super Crab::Damage 6x2 (7x2) | Attack::Smash::Damage 9 (11) / Add 4 Dazed to Discard,Cycles through Smash -> Zoom -> Inertia -> Super Crab.,Starts with Hardened Shell 20 | Hardened Shell X: Cannot lose more than X HP per turn.,Skulking Colony: 1 Skulking Colony,"Skulking Colony is a Slay the Spire 2 elite enemy found in The Underdocks. This page collects HP ranges, move text, attack pattern notes, and mapped encounter appearances in one reference.",https://sts2.wiki/enemies/skulking-colony/,2026-05-17T08:53:55.817058+00:00
Terror Eel,terror-eel,elite,The Underdocks,140 (150),150,1,140 (150),elite,The Underdocks,5,1,,Crash 17 / Thrash / Terror,Attack::Crash::Damage 17 (19) | Utility::Thrash::Damage 3x3 (4x3) / Vigor 7 | Debuff::Terror::Apply 99 Vulnerable | Attack::Thrashmove::Deals 3 (4 ascension) damage. | Utility::Stun::No effect text documented yet.,Cycles between Crash -> Thrash until it gets stunned by reaching 75 HP. Then uses Terror before cycling Crash -> Thrash again.,Starts with Shriek 75 | Shriek X: Becomes Stunned after reaching X HP or below.,Terror Eel: 1 Terror Eel,"Terror Eel is a Slay the Spire 2 elite enemy found in The Underdocks. This page collects HP ranges, move text, attack pattern notes, and mapped encounter appearances in one reference.",https://sts2.wiki/enemies/terror-eel/,2026-05-17T08:56:12.541104+00:00
Byrdpip,byrdpip,monster,,9999 HP,9999,0,9999 HP,monster,,1,0,,Nothing,Utility::Nothing::No effect text documented yet.,No attack pattern note is documented yet.,,,"Byrdpip is a Slay the Spire 2 monster enemy found in . This page collects HP ranges, move text, attack pattern notes, and mapped encounter appearances in one reference.",https://sts2.wiki/enemies/byrdpip/,2026-05-17T08:53:55.817058+00:00
Guardbot (minion),guardbot-minion,monster,,21 - 25 (22 - 26),26,0,21 - 25 (22 - 26),monster,,1,0,22-26,Guard,Utility::Guard::Block 15 on Fabricator,Always uses Guard,,,"Guardbot (minion) is a Slay the Spire 2 monster enemy found in . This page collects HP ranges, move text, attack pattern notes, and mapped encounter appearances in one reference.",https://sts2.wiki/enemies/guardbot-minion/,2026-05-17T08:53:55.817058+00:00
Hatchling (minion),hatchling-minion,monster,,19 - 22 (20 - 23),0,0,19 - 22 (20 - 23),monster,,1,0,,Nibble,Utility::Nibble::Damage 4 (5),Always uses Nibble.,,,"Hatchling (minion) is a Slay the Spire 2 monster enemy found in . This page collects HP ranges, move text, attack pattern notes, and mapped encounter appearances in one reference.",https://sts2.wiki/enemies/hatchling-minion/,2026-05-17T08:53:55.817058+00:00
Noisebot (minion),noisebot-minion,monster,,23 - 28 (24 - 29),29,0,23 - 28 (24 - 29),monster,,1,0,24-29,Noise,Utility::Noise::Add 1 Dazed to Discard / Add 1 Dazed to Draw,Always uses Noise,,,"Noisebot (minion) is a Slay the Spire 2 monster enemy found in . This page collects HP ranges, move text, attack pattern notes, and mapped encounter appearances in one reference.",https://sts2.wiki/enemies/noisebot-minion/,2026-05-17T08:53:55.817058+00:00
Osty,osty,monster,,1 HP,1,0,1 HP,monster,,1,0,,Nothing,Utility::Nothing::No effect text documented yet.,No attack pattern note is documented yet.,,,"Osty is a Slay the Spire 2 monster enemy found in . This page collects HP ranges, move text, attack pattern notes, and mapped encounter appearances in one reference.",https://sts2.wiki/enemies/osty/,2026-05-17T08:53:55.817058+00:00
Pael's Legion,paels-legion,monster,,9999 HP,9999,0,9999 HP,monster,,1,0,,Nothing,Utility::Nothing::No effect text documented yet.,No attack pattern note is documented yet.,,,"Pael's Legion is a Slay the Spire 2 monster enemy found in . This page collects HP ranges, move text, attack pattern notes, and mapped encounter appearances in one reference.",https://sts2.wiki/enemies/paels-legion/,2026-05-17T08:53:55.817058+00:00
Parafright (minion),parafright-minion,monster,,21,21,0,21,monster,,1,0,,Slam 16,Attack::Slam::Damage 16 (17),Always uses Slam.,"Starts with Illusion. | Illusion: When this dies, revives next turn at full HP | (retains Strength after reviving)",,"Parafright (minion) is a Slay the Spire 2 monster enemy found in . This page collects HP ranges, move text, attack pattern notes, and mapped encounter appearances in one reference.",https://sts2.wiki/enemies/parafright-minion/,2026-05-17T08:53:55.817058+00:00
Stabbot (minion),stabbot-minion,monster,,23 - 28 (24 - 29),29,0,23 - 28 (24 - 29),monster,,1,0,24-29,Stab 11,Attack::Stab::Damage 11 (12) / Apply 1 Frail,Always uses Stab,,,"Stabbot (minion) is a Slay the Spire 2 monster enemy found in . This page collects HP ranges, move text, attack pattern notes, and mapped encounter appearances in one reference.",https://sts2.wiki/enemies/stabbot-minion/,2026-05-17T08:53:55.817058+00:00
The Adversary Mk 1,the-adversary-mk-1,monster,,HP pending,100,0,Pending,monster,,3,0,,Smash 12 / Beam 15 / Barrage 8,Attack::Smash::Deals 12 damage. | Attack::Beam::Deals 15 damage. | Attack::Barrage::Deals 8 damage.,No attack pattern note is documented yet.,,,"The Adversary Mk 1 is a Slay the Spire 2 monster enemy found in . This page collects HP ranges, move text, attack pattern notes, and mapped encounter appearances in one reference.",https://sts2.wiki/enemies/the-adversary-mk-1/,2026-05-17T08:53:55.817058+00:00
The Adversary Mk 2,the-adversary-mk-2,monster,,HP pending,200,0,Pending,monster,,3,0,,Bash 13 / Flame Beam 16 / Barrage 9,Attack::Bash::Deals 13 damage. | Attack::Flame Beam::Deals 16 damage. | Attack::Barrage::Deals 9 damage.,No attack pattern note is documented yet.,,,"The Adversary Mk 2 is a Slay the Spire 2 monster enemy found in . This page collects HP ranges, move text, attack pattern notes, and mapped encounter appearances in one reference.",https://sts2.wiki/enemies/the-adversary-mk-2/,2026-05-17T08:53:55.817058+00:00
The Adversary Mk 3,the-adversary-mk-3,monster,,HP pending,300,0,Pending,monster,,3,0,,Crash 15 / Flame Beam 18 / Barrage 10,Attack::Crash::Deals 15 damage. | Attack::Flame Beam::Deals 18 damage. | Attack::Barrage::Deals 10 damage.,No attack pattern note is documented yet.,,,"The Adversary Mk 3 is a Slay the Spire 2 monster enemy found in . This page collects HP ranges, move text, attack pattern notes, and mapped encounter appearances in one reference.",https://sts2.wiki/enemies/the-adversary-mk-3/,2026-05-17T08:53:55.817058+00:00
Zapbot (minion),zapbot-minion,monster,,23 - 28 (24 - 29),29,0,23 - 28 (24 - 29),monster,,1,0,24-29,Zap 14,Attack::Zap::Damage 14 (15),Always uses Zap,"Starts with High Voltage 2. | High Voltage X: At the end of Zapbot's turn, it gains X strength.",,"Zapbot (minion) is a Slay the Spire 2 monster enemy found in . This page collects HP ranges, move text, attack pattern notes, and mapped encounter appearances in one reference.",https://sts2.wiki/enemies/zapbot-minion/,2026-05-17T08:53:55.817058+00:00
Battle Friend V1.0,battle-friend-v1-0,monster,Event encounters,75 HP,75,1,75 HP,monster,Event encounters,1,1,,Nothing,Utility::Nothing::No effect text documented yet.,No attack pattern note is documented yet.,,Battleworn Dummy: Battle Friend V1,"Battle Friend V1.0 is a Slay the Spire 2 monster enemy found in Event encounters. This page collects HP ranges, move text, attack pattern notes, and mapped encounter appearances in one reference.",https://sts2.wiki/enemies/battle-friend-v1-0/,2026-05-17T08:53:55.817058+00:00
Battle Friend V2.0,battle-friend-v2-0,monster,Event encounters,150 HP,150,1,150 HP,monster,Event encounters,1,1,,Nothing,Utility::Nothing::No effect text documented yet.,No attack pattern note is documented yet.,,Battleworn Dummy: Battle Friend V1,"Battle Friend V2.0 is a Slay the Spire 2 monster enemy found in Event encounters. This page collects HP ranges, move text, attack pattern notes, and mapped encounter appearances in one reference.",https://sts2.wiki/enemies/battle-friend-v2-0/,2026-05-17T08:53:55.817058+00:00
Battle Friend V3.0,battle-friend-v3-0,monster,Event encounters,300 HP,300,1,300 HP,monster,Event encounters,1,1,,Nothing,Utility::Nothing::No effect text documented yet.,No attack pattern note is documented yet.,,Battleworn Dummy: Battle Friend V1,"Battle Friend V3.0 is a Slay the Spire 2 monster enemy found in Event encounters. This page collects HP ranges, move text, attack pattern notes, and mapped encounter appearances in one reference.",https://sts2.wiki/enemies/battle-friend-v3-0/,2026-05-17T08:53:55.817058+00:00
The Architect,the-architect,monster,Event encounters,9999 HP,9999,1,9999 HP,monster,Event encounters,1,1,,Nothing,Utility::Nothing::No effect text documented yet.,No attack pattern note is documented yet.,,The Architect: Architect,"The Architect is a Slay the Spire 2 monster enemy found in Event encounters. This page collects HP ranges, move text, attack pattern notes, and mapped encounter appearances in one reference.",https://sts2.wiki/enemies/the-architect/,2026-05-17T08:56:12.541104+00:00
Punch Construct,punch-construct,monster,Event encounters|The Glory|The Underdocks,55 (60),60,3,55 (60),monster,Event encountersThe GloryThe Underdocks,3,3,,Ready / Strong Punch 14 / Fast Punch 5,Utility::Ready::Block 10 | Attack::Strong Punch::Damage 14 (16) | Attack::Fast Punch::Damage 5x2 (6x2) / Apply 1 Weak,Regular encounter: Cycles through Ready -> Strong Punch -> Fast Punch. -> Punch-Off event: First Punch Construct starts the cycle with Strong Punch (second starts with Ready like usual).,Starts with Artifact 1.,Punch Constructs: Punch Construct | Construct Menagerie: 1 Punch Construct | Punch Construct: 1 Punch Construct,"Punch Construct is a Slay the Spire 2 monster enemy found in Event encounters, The Glory, and The Underdocks. This page collects HP ranges, move text, attack pattern notes, and mapped encounter appearances in one reference.",https://sts2.wiki/enemies/punch-construct/,2026-05-17T08:53:55.817058+00:00
Wriggler,wriggler,monster,Event encounters|The Overgrowth,17 - 21 (18 - 22),22,2,17 - 21 (18 - 22),monster,Event encountersThe Overgrowth,3,2,18-22,Nasty Bite / Wriggle / Spawned,Utility::Nasty Bite::Damage 6 (7) | Buff::Wriggle::Add 1 Infection to Discard / Gain 2 Strength | Utility::Spawned::No effect text documented yet.,"If spawned from Phrog Parasite's death, starts stunned. -> Otherwise (or after stun), Wrigglers in positions 1 & 3 start with Nasty Bite and Wrigglers in positions 2 & 4 start with Wriggle. They then alternate between Nasty Bite -> Wriggle.",,Wrigglers: Wriggler | Phrog Parasite: 1 Phrog Parasite,"Wriggler is a Slay the Spire 2 monster enemy found in Event encounters and The Overgrowth. This page collects HP ranges, move text, attack pattern notes, and mapped encounter appearances in one reference.",https://sts2.wiki/enemies/wriggler/,2026-05-17T08:53:55.817058+00:00
Axebot,axebot,monster,The Glory,40 - 44 (42 - 46),46,1,40 - 44 (42 - 46),monster,The Glory,4,1,42-46,Boot Up / One-Two 5 / Sharpen,Defense::Boot Up::Block 10 / Gain 1 Strength | Attack::One-Two::Damage 5x2 (6x2) | Buff::Sharpen::Gain 4 Strength | Attack::Hammer Uppercut::Damage 8 (10) / Apply 1 Weak / Apply 1 Frail,"Chooses randomly from One-Two, Sharpen, and Hammer Uppercut (allowed options equally likely). Cannot Sharpen twice in a row. Cannot use One-Two or Hammer Uppercut more than twice in a row. -> Summoned Axebots (from Stock) immediately start with Boot Up, then resume choosing random moves.","Starts with Stock 2. | Stock X: When killed, a new Axebot is summoned in its place (with Stock X - 1).",Bot Buddies: 2 Axebots,"Axebot is a Slay the Spire 2 monster enemy found in The Glory. This page collects HP ranges, move text, attack pattern notes, and mapped encounter appearances in one reference.",https://sts2.wiki/enemies/axebot/,2026-05-17T08:53:55.817058+00:00
Devoted Sculptor,devoted-sculptor,monster,The Glory,162 (172),172,1,162 (172),monster,The Glory,2,1,,Forbidden Incantation / Savage 12,Buff::Forbidden Incantation::Gain 9 Ritual. | Attack::Savage::Damage 12 (15),"Starts with Forbidden Incantation, then uses Savage every turn.",,Devoted Sculptor: 1 Devoted Sculptor,"Devoted Sculptor is a Slay the Spire 2 monster enemy found in The Glory. This page collects HP ranges, move text, attack pattern notes, and mapped encounter appearances in one reference.",https://sts2.wiki/enemies/devoted-sculptor/,2026-05-17T08:53:55.817058+00:00
Fabricator,fabricator,monster,The Glory,150 (155),155,1,150 (155),monster,The Glory,3,1,,Fabricate / Fabricating Strike 18 / Disintegrate 11,Utility::Fabricate::Summons 1 Defensive Bot / Summons 1 Aggro Bot | Attack::Fabricating Strike::Damage 18 (21) / Summon 1 Aggro Bot | Attack::Disintegrate::Damage 11 (13),"When # allies (not counting self) is 2 or fewer, picks randomly between Fabricate and Fabricating Strike (equally likely). -> When # allies (not counting self) is 3 or more, always uses Disintegrate.",,Fabricator: 1 Fabricator,"Fabricator is a Slay the Spire 2 monster enemy found in The Glory. This page collects HP ranges, move text, attack pattern notes, and mapped encounter appearances in one reference.",https://sts2.wiki/enemies/fabricator/,2026-05-17T08:53:55.817058+00:00
Frog Knight,frog-knight,monster,The Glory,191 (199),199,1,191 (199),monster,The Glory,4,1,,For the Queen / Strike Down Evil 21 / Tongue Lash 13,Buff::For the Queen::Gain 5 Strength | Attack::Strike Down Evil::Damage 21 (23) | Attack::Tongue Lash::Damage 13 (14) / Apply 2 Frail | Attack::Beetle Charge::Damage 35 (40),"Cycles through Tongue Lash -> Strike Down Evil -> For the Queen. -> After For the Queen, if below half HP and Beetle Charge has not been used, then uses Beetle Charge before starting the cycle over.",Starts with Plating 15 (19),Frog Knight: 1 Frog Knight,"Frog Knight is a Slay the Spire 2 monster enemy found in The Glory. This page collects HP ranges, move text, attack pattern notes, and mapped encounter appearances in one reference.",https://sts2.wiki/enemies/frog-knight/,2026-05-17T08:53:55.817058+00:00
Globe Head,globe-head,monster,The Glory,148 (158),158,1,148 (158),monster,The Glory,3,1,,Thunder Strike 6 / Shocking Slap 13 / Galvanic Burst 16,Attack::Thunder Strike::Damage 6x3 (7x3) | Attack::Shocking Slap::Damage 13 (14) / Apply 2 Frail | Attack::Galvanic Burst::Damage 16 (17) / Gain 2 Strength,Cycles through Shocking Slap -> Thunder Strike -> Galvanic Burst.,Starts with Galvanic 6. | Galvanic X: You take X damage when a Power is played.,A Lone Globe Head: 1 Globe Head,"Globe Head is a Slay the Spire 2 monster enemy found in The Glory. This page collects HP ranges, move text, attack pattern notes, and mapped encounter appearances in one reference.",https://sts2.wiki/enemies/globe-head/,2026-05-17T08:53:55.817058+00:00
Living Shield,living-shield,monster,The Glory,55 (65),65,1,55 (65),monster,The Glory,2,1,,Shield Slam 6 / Smash 16,Attack::Shield Slam::Damage 6 | Attack::Smash::Damage 16 (18) / Gain 3 Strength,Uses Shield Slam every turn if Turret Operator is alive. Then uses Smash every turn once Turret Operator is dead.,Starts with Rampart 25 | Rampart X: Gives Turret Operator X block at the start of the player's turn.,Turret Operator: 1 Living Shield,"Living Shield is a Slay the Spire 2 monster enemy found in The Glory. This page collects HP ranges, move text, attack pattern notes, and mapped encounter appearances in one reference.",https://sts2.wiki/enemies/living-shield/,2026-05-17T08:53:55.817058+00:00
Owl Magistrate,owl-magistrate,monster,The Glory,234 (243),243,1,234 (243),monster,The Glory,4,1,,Magistrate Scrutiny / Peck Assault 4 / Judicial Flight,Utility::Magistrate Scrutiny::Damage 16 (17) | Attack::Peck Assault::Damage 4x6 | Utility::Judicial Flight::Gain Soar | Attack::Verdict::Damage 33 (36) / Apply 4 Vulnerable / Lose Soar,Cycles through Magistrate Scrutiny -> Peck Assault -> Judicial Flight -> Verdict.,Soar: Receives 50% less attack damage until it lands.,Owl Magistrate: 1 Owl Magistrate,"Owl Magistrate is a Slay the Spire 2 monster enemy found in The Glory. This page collects HP ranges, move text, attack pattern notes, and mapped encounter appearances in one reference.",https://sts2.wiki/enemies/owl-magistrate/,2026-05-17T08:53:55.817058+00:00
Scroll of Biting,scroll-of-biting,monster,The Glory,31 - 38 (32 - 39),39,2,31 - 38 (32 - 39),monster,The Glory,3,2,32-39,Chomp 14 / Chew 5 / More Teeth,Attack::Chomp::Damage 14 (16) | Attack::Chew::Damage 5x2 (6x2) | Buff::More Teeth::Gain 2 Strength,"First scroll picks its first move randomly. Scrolls 2 and 3 starts with the next moves in the cycle Chomp -> Chew -> More Teeth. Scroll 4 (if present) starts with More Teeth. -> Then follows pattern Chomp -> More Teeth -> Chew, but after Chew picks randomly between Chomp and More Teeth and resumes pattern.","Starts with Paper Cuts 2 | Paper Cuts X: Whenever you take unblocked attack damage from this enemy, lose X Max HP.",Many Scrolls of Biting: 4 Scrolls of Biting | Scrolls of Biting: 3 Scrolls of Biting,"Scroll of Biting is a Slay the Spire 2 monster enemy found in The Glory. This page collects HP ranges, move text, attack pattern notes, and mapped encounter appearances in one reference.",https://sts2.wiki/enemies/scroll-of-biting/,2026-05-17T08:53:55.817058+00:00
Slimed Berserker,slimed-berserker,monster,The Glory,266 (276),276,1,266 (276),monster,The Glory,4,1,,Vomit Ichor / Leeching Hug / Smother 30,Utility::Vomit Ichor::Add 10 Slimed to discard | Debuff::Leeching Hug::Apply 3 Weak / Gain 3 Strength | Attack::Smother::Damage 30 (33) | Utility::Furious Pummeling::Damage 4x4 (5x4),Cycles through Vomit Ichor -> Furious Pummeling -> Leeching Hug -> Smother.,,Slimed Berserker: 1 Slimed Berserker,"Slimed Berserker is a Slay the Spire 2 monster enemy found in The Glory. This page collects HP ranges, move text, attack pattern notes, and mapped encounter appearances in one reference.",https://sts2.wiki/enemies/slimed-berserker/,2026-05-17T08:53:55.817058+00:00
The Forgotten,the-forgotten,monster,The Glory,106 (111),111,1,106 (111),monster,The Glory,2,1,,Miasma / Dread 15,Buff::Miasma::Apply -2 Dexterity / Block 8 / Gain 2 Dexterity | Attack::Dread::Damage 15 (17),Alternates between Miasma -> Dread.,,Lost and Forgotten: 1 The Lost,"The Forgotten is a Slay the Spire 2 monster enemy found in The Glory. This page collects HP ranges, move text, attack pattern notes, and mapped encounter appearances in one reference.",https://sts2.wiki/enemies/the-forgotten/,2026-05-17T08:57:07.886194+00:00
The Lost,the-lost,monster,The Glory,93 (99),99,1,93 (99),monster,The Glory,2,1,,Debilitating Smog / Eye Lasers 4,Buff::Debilitating Smog::Apply -2 Strength / Gain 2 Strength | Attack::Eye Lasers::Damage 4x2 (5x2),Alternates between Debilitating Smog -> Eye Lasers,,Lost and Forgotten: 1 The Lost,"The Lost is a Slay the Spire 2 monster enemy found in The Glory. This page collects HP ranges, move text, attack pattern notes, and mapped encounter appearances in one reference.",https://sts2.wiki/enemies/the-lost/,2026-05-17T08:53:55.817058+00:00
Turret Operator,turret-operator,monster,The Glory,41 (51),51,1,41 (51),monster,The Glory,4,1,,Unload / Reload / Unload Move 1,Utility::Unload::Damage 3x5 (4x5) | Buff::Reload::Gain 1 Strength | Utility::Unload Move 1::No effect text documented yet. | Utility::Unload Move 2::No effect text documented yet.,Cycles through Unload -> Unload -> Reload.,,Turret Operator: 1 Living Shield,"Turret Operator is a Slay the Spire 2 monster enemy found in The Glory. This page collects HP ranges, move text, attack pattern notes, and mapped encounter appearances in one reference.",https://sts2.wiki/enemies/turret-operator/,2026-05-17T08:53:55.817058+00:00
Cubex Construct,cubex-construct,monster,The Glory|The Overgrowth,65 (70),70,2,65 (70),monster,The GloryThe Overgrowth,6,2,,Charge Up / Repeater Blast / Expel Blast 5,Buff::Charge Up::Gain 2 Strength | Buff::Repeater Blast::Damage 7 (8) / Gain 2 Strength | Attack::Expel Blast::Damage 5x2 (6x2) | Utility::Submerge::Block 15 | Utility::Repeater::No effect text documented yet. | Utility::Repeater Move 2::No effect text documented yet.,Cycles through Charge Up -> Repeater Blast - > Repeater Blast -> Expel Blast -> Submerge.,Starts with 13 Block and Artifact 1.,Construct Menagerie: 1 Punch Construct | Cubex Construct: 1 Cubex Construct,"Cubex Construct is a Slay the Spire 2 monster enemy found in The Glory and The Overgrowth. This page collects HP ranges, move text, attack pattern notes, and mapped encounter appearances in one reference.",https://sts2.wiki/enemies/cubex-construct/,2026-05-17T08:53:55.817058+00:00
Bowlbug (Egg),bowlbug-egg,monster,The Hive,21 - 22 (23 - 24),24,3,21 - 22 (23 - 24),monster,The Hive,1,3,23-24,Bite 7,Attack::Bite::Damage 7 (8) / Block 7 (8),Always uses Bite.,,Bowlbug Swarm: 3 random Bowlbugs (at most 1 of each): | Bowlbugs: 1 Bowlbug (Rock) | Tunneling Twosome: 1 Tunneler,"Bowlbug (Egg) is a Slay the Spire 2 monster enemy found in The Hive. This page collects HP ranges, move text, attack pattern notes, and mapped encounter appearances in one reference.",https://sts2.wiki/enemies/bowlbug-egg/,2026-05-17T08:53:55.817058+00:00
Bowlbug (Nectar),bowlbug-nectar,monster,The Hive,35 - 38 (36 - 39),39,2,35 - 38 (36 - 39),monster,The Hive,2,2,36-39,Thrash 3 / Buff,Attack::Thrash::Damage 3 | Buff::Buff::Gain 15 (16) Strength,Starts with Thrash -> Buff. Then uses Thrash every turn.,,Bowlbug Swarm: 3 random Bowlbugs (at most 1 of each): | Bowlbugs: 1 Bowlbug (Rock),"Bowlbug (Nectar) is a Slay the Spire 2 monster enemy found in The Hive. This page collects HP ranges, move text, attack pattern notes, and mapped encounter appearances in one reference.",https://sts2.wiki/enemies/bowlbug-nectar/,2026-05-17T08:53:55.817058+00:00
Bowlbug (Rock),bowlbug-rock,monster,The Hive,45 - 48 (46 - 49),49,3,45 - 48 (46 - 49),monster,The Hive,3,3,46-49,Headbutt 15 / Stunned / Dizzy,Attack::Headbutt::Damage 15 (16) | Utility::Stunned::Passes turn | Utility::Dizzy::No effect text documented yet.,"Uses Headbutt every turn. If fully blocked, becomes stunned for a turn before resuming Headbutt.",Starts with Imbalanced | Imbalanced: Becomes stunned if its attack is fully blocked.,Bowlbug Swarm: 3 random Bowlbugs (at most 1 of each): | Bowlbugs: 1 Bowlbug (Rock) | Slumber Party: 1 Slumbering Beetle,"Bowlbug (Rock) is a Slay the Spire 2 monster enemy found in The Hive. This page collects HP ranges, move text, attack pattern notes, and mapped encounter appearances in one reference.",https://sts2.wiki/enemies/bowlbug-rock/,2026-05-17T08:53:55.817058+00:00
Bowlbug (Silk),bowlbug-silk,monster,The Hive,40 - 43 (41 - 44),44,3,40 - 43 (41 - 44),monster,The Hive,3,3,41-44,Thrash / Toxic Spit / Trash,Utility::Thrash::Damage 4x2 (5x2) | Debuff::Toxic Spit::Apply 1 Weak | Utility::Trash::No effect text documented yet.,Alternates between Toxic Spit and Thrash.,,Bowlbug Swarm: 3 random Bowlbugs (at most 1 of each): | Slumber Party: 1 Slumbering Beetle | Tunneling Twosome: 1 Tunneler,"Bowlbug (Silk) is a Slay the Spire 2 monster enemy found in The Hive. This page collects HP ranges, move text, attack pattern notes, and mapped encounter appearances in one reference.",https://sts2.wiki/enemies/bowlbug-silk/,2026-05-17T08:53:55.817058+00:00
Chomper,chomper,monster,The Hive,60 - 64 (63 - 67),67,1,60 - 64 (63 - 67),monster,The Hive,2,1,63-67,Clamp 8 / Screech,Attack::Clamp::Damage 8x2 (9x2) | Utility::Screech::Add 3 Dazed to Discard,"First Chomper starts with Clamp, second with Screech. Then continue cycling through Clamp -> Screech.",Starts with Artifact 2,An Automaton Pair: 2 Chompers,"Chomper is a Slay the Spire 2 monster enemy found in The Hive. This page collects HP ranges, move text, attack pattern notes, and mapped encounter appearances in one reference.",https://sts2.wiki/enemies/chomper/,2026-05-17T08:53:55.817058+00:00
Exoskeleton,exoskeleton,monster,The Hive,24 - 28 (25 - 29),29,2,24 - 28 (25 - 29),monster,The Hive,3,2,25-29,Skitter 1 / Mandible 8 / Enrage,Attack::Skitter::Damage 1x3 (1x4) | Attack::Mandible::Damage 8 (9) | Buff::Enrage::Gain 2 Strength,"First Exoskeleton starts with Skitter, second starts with Mandible, third starts with Enrage (and fourth starts randomly with Skitter or Mandible, if present). -> After Skitter always uses Mandible. After Mandible always uses Enrage. After Enrage chooses randomly between Skitter and Mandible.",Starts with Hard to Kill 9 | Hard to Kill X: Reduce all damage taken and HP loss to X.,Exoskeletons: 3 Exoskeletons | Many Exoskeletons: 4 Exoskeletons,"Exoskeleton is a Slay the Spire 2 monster enemy found in The Hive. This page collects HP ranges, move text, attack pattern notes, and mapped encounter appearances in one reference.",https://sts2.wiki/enemies/exoskeleton/,2026-05-17T08:53:55.817058+00:00
Hunter Killer,hunter-killer,monster,The Hive,121 (126),126,1,121 (126),monster,The Hive,3,1,,Tenderizing Goop / Bite 17 / Puncture 7,Utility::Tenderizing Goop::Apply Tender | Attack::Bite::Damage 17 (19) | Attack::Puncture::Damage 7x3 (8x3),Starts with Tenderizing Goop. Then chooses randomly between Bite and Puncture each turn. Bite cannot be used twice in a row. Puncture cannot be used more than twice in a row.,"Tender: Whenever you play a card, lose 1 strength and 1 dexterity this turn.",Hunter Killer: 1 Hunter Killer,"Hunter Killer is a Slay the Spire 2 monster enemy found in The Hive. This page collects HP ranges, move text, attack pattern notes, and mapped encounter appearances in one reference.",https://sts2.wiki/enemies/hunter-killer/,2026-05-17T08:53:55.817058+00:00
Louse Progenitor,louse-progenitor,monster,The Hive,134 - 136 (138 - 141),141,1,134 - 136 (138 - 141),monster,The Hive,3,1,138-141,Web Cannon 9 / Pounce 14 / Curl and Grow,Attack::Web Cannon::Damage 9 (10) / Apply 2 Frail | Attack::Pounce::Damage 14 (16) | Buff::Curl and Grow::Block 14 (18) / Gain 5 Strength,Cycles through Web Cannon -> Curl and Grow -> Pounce.,Starts with Curl Up | Curl Up: Gain 14 (18) block upon first being hit.,Louse Progenitor: 1 Louse Progenitor,"Louse Progenitor is a Slay the Spire 2 monster enemy found in The Hive. This page collects HP ranges, move text, attack pattern notes, and mapped encounter appearances in one reference.",https://sts2.wiki/enemies/louse-progenitor/,2026-05-17T08:53:55.817058+00:00
Myte,myte,monster,The Hive,61 - 67 (64 - 69),69,1,61 - 67 (64 - 69),monster,The Hive,4,1,64-69,Toxic / Bite 13 / Suck 4,Utility::Toxic::Add 2 Toxic to Hand | Attack::Bite::Damage 13 (15) | Attack::Suck::Damage 4 (6) / Gain 2 (3) Strength | Utility::Toxic Cornucopia::No effect text documented yet.,"First Myte starts with Toxic, second Myte starts with Suck. -> Then continue cycling through Toxic -> Bite -> Suck.","Toxic (status): At the end of your turn, take 5 damage if this is in your hand. 1 cost, exhausts.",Mass of Mytes: 2 Mytes,"Myte is a Slay the Spire 2 monster enemy found in The Hive. This page collects HP ranges, move text, attack pattern notes, and mapped encounter appearances in one reference.",https://sts2.wiki/enemies/myte/,2026-05-17T08:53:55.817058+00:00
Slumbering Beetle,slumbering-beetle,monster,The Hive,86 (89),89,1,86 (89),monster,The Hive,3,1,,Sleep / Roll Out 16 / Snore,Utility::Sleep::Passes Turn | Attack::Roll Out::Damage 16 (18) / Gain 2 Strength | Utility::Snore::No effect text documented yet.,Sleeps until it awakens. Then uses Roll Out every turn.,Starts with Plating 15 (18) and Slumber 3 | Slumber X: Counter decreases after taking a turn or losing HP. Awakens at the end of its turn if counter has reached 0.,Slumber Party: 1 Slumbering Beetle,"Slumbering Beetle is a Slay the Spire 2 monster enemy found in The Hive. This page collects HP ranges, move text, attack pattern notes, and mapped encounter appearances in one reference.",https://sts2.wiki/enemies/slumbering-beetle/,2026-05-17T08:53:55.817058+00:00
Spiny Toad,spiny-toad,monster,The Hive,116 - 119 (121 - 124),124,1,116 - 119 (121 - 124),monster,The Hive,3,1,121-124,Protruding Spikes / Spike Explosion / Tongue Lash,Buff::Protruding Spikes::Gain 5 Thorns | Buff::Spike Explosion::Damage 23 (25) / Lose 5 Thorns | Utility::Tongue Lash::Damage 17 (19),Cycles through Protruding Spikes -> Spike Explosion -> Tongue Lash.,,Spiny Toad: 1 Spiny Toad,"Spiny Toad is a Slay the Spire 2 monster enemy found in The Hive. This page collects HP ranges, move text, attack pattern notes, and mapped encounter appearances in one reference.",https://sts2.wiki/enemies/spiny-toad/,2026-05-17T08:53:55.817058+00:00
The Obscura,the-obscura,monster,The Hive,123 (129),129,1,123 (129),monster,The Hive,5,1,,Illusion / Piercing Gaze 10 / Wail,Utility::Illusion::Summon 1 Parafright | Attack::Piercing Gaze::Damage 10 (11) | Buff::Wail::Allies gain 3 Strength | Attack::Hardening Strike::Damage 6 (7) / Block 6 (7) | Utility::Sail::No effect text documented yet.,"Starts with Illusion. -> Then chooses randomly between Piercing Gaze, Wail, and Hardening Strike (allowed options equally likely). Cannot use any move twice in a row.",,The Obscura: 1 The Obscura,"The Obscura is a Slay the Spire 2 monster enemy found in The Hive. This page collects HP ranges, move text, attack pattern notes, and mapped encounter appearances in one reference.",https://sts2.wiki/enemies/the-obscura/,2026-05-17T08:53:55.817058+00:00
Thieving Hopper,thieving-hopper,monster,The Hive,79 (84),84,1,79 (84),monster,The Hive,5,1,,Thievery / Nab 14 / Hat Trick 21,"Utility::Thievery::Damage 17 (19) / Steal 1 card and gain Swipe / (Stolen card is taken from draw or discard pile. Chooses a random card with priorities: 1. non-imbued uncommon card, 2. non-imbued common, rare, or event card, 3. non-imbued basic or quest card, 4. imbued or ancient card, 5. curse or anything else) / (Warning: Game softlocks if Thieving Hopper cannot find a valid target to steal) | Attack::Nab::Damage 14 (16) | Attack::Hat Trick::Damage 21 (23) | Utility::Flutter::Gain Flutter 5 | Utility::Escape::Escape from the combat","Always uses Thievery -> Flutter -> Hat Trick -> Nab -> Escape. -> If stunned before turn 5, resumes with the next intent in the pattern. -> If stunned on turn 5, tries to Escape again.","Starts with Escape Artist | Escape Artist: Tries to escape the combat after 5 turns. | Swipe: Upon killing this enemy, the stolen card is returned. | Flutter X: Receives 50% less attack damage. Deal attack damage X times to remove Flutter and stun it.",Thieving Hopper: 1 Thieving Hopper,"Thieving Hopper is a Slay the Spire 2 monster enemy found in The Hive. This page collects HP ranges, move text, attack pattern notes, and mapped encounter appearances in one reference.",https://sts2.wiki/enemies/thieving-hopper/,2026-05-17T08:53:55.817058+00:00
Tough Egg (minion),tough-egg-minion,monster,The Hive,14 - 18 (15 - 19),19,1,14 - 18 (15 - 19),monster,The Hive,2,1,15-19,Hatch / Nibble 4,Utility::Hatch::Hatches into Hatchling. | Attack::Nibble::Deals 4 (5 ascension) damage.,Always uses Hatch.,Starts with Hatch 1. | Hatch X: Hatches after X turns.,Ovicopter: 1 Ovicopter,"Tough Egg (minion) is a Slay the Spire 2 monster enemy found in The Hive. This page collects HP ranges, move text, attack pattern notes, and mapped encounter appearances in one reference.",https://sts2.wiki/enemies/tough-egg-minion/,2026-05-17T08:53:55.817058+00:00
Tunneler,tunneler,monster,The Hive,87 (92),92,2,87 (92),monster,The Hive,5,2,,Bite 13 / Burrow / Below,Attack::Bite::Damage 13 (15) | Utility::Burrow::Gain Burrowed / Block 32 (37) | Utility::Below::Damage 23 (26) | Attack::Below Move 1::Deals 23 (26 ascension) damage. | Utility::Dizzy::No effect text documented yet.,"Starts with Bite -> Burrow. -> While Burrowed, always uses Below. -> After being stunned, loses Burrowed and uses Bite -> Burrow.",Burrowed: Block is not removed at the start of Tunneler's turn. Becomes stunned if all block is removed.,Tunneler: 1 Tunneler | Tunneling Twosome: 1 Tunneler,"Tunneler is a Slay the Spire 2 monster enemy found in The Hive. This page collects HP ranges, move text, attack pattern notes, and mapped encounter appearances in one reference.",https://sts2.wiki/enemies/tunneler/,2026-05-17T08:53:55.817058+00:00
Eye with Teeth (minion),eye-with-teeth-minion,monster,The Overgrowth,6,6,1,6,monster,The Overgrowth,1,1,,Distract,Utility::Distract::3 Dazed to Discard,Always uses Distract.,"Starts with Illusion | Illusion: When this dies, revives next turn at full HP",Fogmog: 1 Fogmog,"Eye with Teeth (minion) is a Slay the Spire 2 monster enemy found in The Overgrowth. This page collects HP ranges, move text, attack pattern notes, and mapped encounter appearances in one reference.",https://sts2.wiki/enemies/eye-with-teeth-minion/,2026-05-17T08:53:55.817058+00:00
Flyconid,flyconid,monster,The Overgrowth,47 - 49 (51 - 53),53,2,47 - 49 (51 - 53),monster,The Overgrowth,3,2,51-53,Vulnerable Spores / Frail Spores / Smash 11,Debuff::Vulnerable Spores::Apply 2 Vulnerable | Debuff::Frail Spores::Damage 8 (9) / Apply 2 Frail | Attack::Smash::Damage 11 (12),"Starts randomly with Frail Spores or Smash (equal probability). Then picks move randomly (equal probability for allowed moves). Cannot use any move twice in a row. Vulnerable Spores has a 3 turn cooldown after use, and Frail Spores has a 2 turn cooldown after use. -> Exception: If at any point it uses Vuln Spores -> Frail Spores -> Smash, then it will have no allowed moves and default to Vulnerable Spores.",,Overgrowth Flora: 1 Snapping Jaxfruit | Shroom and Slime: 1 Medium Slime (randomly chosen),"Flyconid is a Slay the Spire 2 monster enemy found in The Overgrowth. This page collects HP ranges, move text, attack pattern notes, and mapped encounter appearances in one reference.",https://sts2.wiki/enemies/flyconid/,2026-05-17T08:53:55.817058+00:00
Fogmog,fogmog,monster,The Overgrowth,74 (78),78,1,74 (78),monster,The Overgrowth,4,1,,Illusion / Swipe 8 / Headbutt 14,Utility::Illusion::Summon 1 Eye with Teeth | Attack::Swipe::Damage 8 (9) / Gain 1 Strength | Attack::Headbutt::Damage 14 (16) | Attack::Swipe Random::Deals 8 (9 ascension) damage.,"Starts with Illusion -> Swipe. -> When using Swipe after a non-Swipe move, follows up with 40% chance to Swipe and 60% chance to Headbutt. -> After using Swipe for second time in a row, always follows with Headbutt. -> After Headbutt, always uses Swipe.",,Fogmog: 1 Fogmog,"Fogmog is a Slay the Spire 2 monster enemy found in The Overgrowth. This page collects HP ranges, move text, attack pattern notes, and mapped encounter appearances in one reference.",https://sts2.wiki/enemies/fogmog/,2026-05-17T08:53:55.817058+00:00
Fuzzy Wurm Crawler,fuzzy-wurm-crawler,monster,The Overgrowth,55 - 57 (58 - 59),59,2,55 - 57 (58 - 59),monster,The Overgrowth,3,2,58-59,Acid Goop 4 / Inhale / First Acid Goop,Attack::Acid Goop::Damage 4 (6) | Buff::Inhale::Gain 7 Strength | Utility::First Acid Goop::No effect text documented yet.,Starts with Acid Goop. Then cycles through Inhale -> Acid Goop -> Acid Goop.,,Fuzzy Wurm Crawler: 1 Fuzzy Wurm Crawler | Overgrowth Crawlers: 1 Shrinker Beetle,"Fuzzy Wurm Crawler is a Slay the Spire 2 monster enemy found in The Overgrowth. This page collects HP ranges, move text, attack pattern notes, and mapped encounter appearances in one reference.",https://sts2.wiki/enemies/fuzzy-wurm-crawler/,2026-05-17T08:53:55.817058+00:00
Inklet,inklet,monster,The Overgrowth,11 - 17 (12 - 18),18,1,11 - 17 (12 - 18),monster,The Overgrowth,3,1,12-18,Jab 3 / Whirlwind 2 / Piercing Gaze 10,Attack::Jab::Damage 3 (4) | Attack::Whirlwind::Damage 2x3 (3x3) | Attack::Piercing Gaze::Damage 10 (11),"Front and back Inklet start with Jab. Middle Inklet starts with Whirlwind. -> Alternates between Jab -> Whirlwind or Piercing Gaze (chosen randomly, equally likely).","Starts with Slippery 1 | Slippery X: The next time this enemy loses HP, it loses 1 HP instead.",Inklets: 3 Inklets,"Inklet is a Slay the Spire 2 monster enemy found in The Overgrowth. This page collects HP ranges, move text, attack pattern notes, and mapped encounter appearances in one reference.",https://sts2.wiki/enemies/inklet/,2026-05-17T08:53:55.817058+00:00
Leaf Slime (Medium),leaf-slime-medium,monster,The Overgrowth,32 - 35 (33 - 36),36,4,32 - 35 (33 - 36),monster,The Overgrowth,2,4,33-36,Clump Shot 8 / Sticky Shot,Attack::Clump Shot::Damage 8 (9) | Utility::Sticky Shot::Add 2 Slimed to Discard,Starts with Sticky Shot then alternates Clump Shot -> Sticky Shot.,,Group of Slimes: 1 Medium Slime (randomly chosen) | Shroom and Slime: 1 Medium Slime (randomly chosen) | Strangler and Friend: 1 Slithering Strangler | Swarm of Slimes: 1 Twig Slime (Medium),"Leaf Slime (Medium) is a Slay the Spire 2 monster enemy found in The Overgrowth. This page collects HP ranges, move text, attack pattern notes, and mapped encounter appearances in one reference.",https://sts2.wiki/enemies/leaf-slime-medium/,2026-05-17T08:53:55.817058+00:00
Leaf Slime (Small),leaf-slime-small,monster,The Overgrowth,11 - 15 (12 - 16),16,3,11 - 15 (12 - 16),monster,The Overgrowth,3,3,12-16,Tackle / Goop / Butt,Utility::Tackle::Damage 3 (4) | Utility::Goop::Add 1 Slimed to Discard | Utility::Butt::No effect text documented yet.,Starts randomly with Tackle or Goop. Then alternates between them.,,Group of Slimes: 1 Medium Slime (randomly chosen) | Strangler and Friend: 1 Slithering Strangler | Swarm of Slimes: 1 Twig Slime (Medium),"Leaf Slime (Small) is a Slay the Spire 2 monster enemy found in The Overgrowth. This page collects HP ranges, move text, attack pattern notes, and mapped encounter appearances in one reference.",https://sts2.wiki/enemies/leaf-slime-small/,2026-05-17T08:53:55.817058+00:00
Mawler,mawler,monster,The Overgrowth,72 (76),76,1,72 (76),monster,The Overgrowth,3,1,,Rip & Tear 14 / Roar / Claw 4,Attack::Rip & Tear::Damage 14 (16) | Debuff::Roar::Apply 3 Vulnerable | Attack::Claw::Damage 4x2 (5x2),"Starts with Claw. Then chooses randomly between Rip & Tear, Roar, and Claw (all allowed options equally likely). Roar can only be used once. Claw and Rip & Tear cannot be used twice in a row.",,Mawler: 1 Mawler,"Mawler is a Slay the Spire 2 monster enemy found in The Overgrowth. This page collects HP ranges, move text, attack pattern notes, and mapped encounter appearances in one reference.",https://sts2.wiki/enemies/mawler/,2026-05-17T08:53:55.817058+00:00
Nibbit,nibbit,monster,The Overgrowth,42 - 46 (44 - 48),48,2,42 - 46 (44 - 48),monster,The Overgrowth,3,2,44-48,Butt 12 / Slice 6 / Hiss,Attack::Butt::Damage 12 (13) | Attack::Slice::Damage 6 / Block 5 | Buff::Hiss::Strength 2,"In the single Nibbit encounter, it cycles through Butt -> Slice -> Hiss. -> In the two Nibbits encounter, the front starts with Slice and the back starts with Hiss. They then continue the cycle Butt -> Slice -> Hiss.",,A Lone Nibbit: 1 Nibbit | A Pair of Nibbits: 2 Nibbits,"Nibbit is a Slay the Spire 2 monster enemy found in The Overgrowth. This page collects HP ranges, move text, attack pattern notes, and mapped encounter appearances in one reference.",https://sts2.wiki/enemies/nibbit/,2026-05-17T08:53:55.817058+00:00
Ruby Raider (Assassin),ruby-raider-assassin,monster,The Overgrowth,18 - 23 (19 - 24),24,1,18 - 23 (19 - 24),monster,The Overgrowth,1,1,19-24,Killshot 11,Attack::Killshot::Damage 11 (12),Always uses Killshot.,,"Ruby Raiders: 3 Ruby Raiders (randomly chose, only 1 allowed of each type)","Ruby Raider (Assassin) is a Slay the Spire 2 monster enemy found in The Overgrowth. This page collects HP ranges, move text, attack pattern notes, and mapped encounter appearances in one reference.",https://sts2.wiki/enemies/ruby-raider-assassin/,2026-05-17T08:53:55.817058+00:00
Ruby Raider (Axe),ruby-raider-axe,monster,The Overgrowth,20 - 22 (21 - 23),23,1,20 - 22 (21 - 23),monster,The Overgrowth,4,1,21-23,Swing / Big Swing 12 / Swing 1 5,Utility::Swing::Damage 5 (6) / Block 5 (6) | Attack::Big Swing::Damage 12 (13) | Attack::Swing 1::Deals 5 (6 ascension) damage. | Attack::Swing 2::Deals 5 (6 ascension) damage.,Cycles through Swing -> Swing -> Big Swing.,,"Ruby Raiders: 3 Ruby Raiders (randomly chose, only 1 allowed of each type)","Ruby Raider (Axe) is a Slay the Spire 2 monster enemy found in The Overgrowth. This page collects HP ranges, move text, attack pattern notes, and mapped encounter appearances in one reference.",https://sts2.wiki/enemies/ruby-raider-axe/,2026-05-17T08:53:55.817058+00:00
Ruby Raider (Brute),ruby-raider-brute,monster,The Overgrowth,30 - 33 (31 - 34),34,1,30 - 33 (31 - 34),monster,The Overgrowth,2,1,31-34,Beat 7 / Roar,Attack::Beat::Damage 7 (8) | Buff::Roar::Gain 3 Strength,Alternates between Beat -> Roar.,,"Ruby Raiders: 3 Ruby Raiders (randomly chose, only 1 allowed of each type)","Ruby Raider (Brute) is a Slay the Spire 2 monster enemy found in The Overgrowth. This page collects HP ranges, move text, attack pattern notes, and mapped encounter appearances in one reference.",https://sts2.wiki/enemies/ruby-raider-brute/,2026-05-17T08:53:55.817058+00:00
Ruby Raider (Crossbow),ruby-raider-crossbow,monster,The Overgrowth,18 - 21 (19 - 22),22,1,18 - 21 (19 - 22),monster,The Overgrowth,2,1,19-22,Fire 14 / Reload,Attack::Fire::Damage 14 (16) | Utility::Reload::Block 3,Alternates between Reload -> Fire.,,"Ruby Raiders: 3 Ruby Raiders (randomly chose, only 1 allowed of each type)","Ruby Raider (Crossbow) is a Slay the Spire 2 monster enemy found in The Overgrowth. This page collects HP ranges, move text, attack pattern notes, and mapped encounter appearances in one reference.",https://sts2.wiki/enemies/ruby-raider-crossbow/,2026-05-17T08:53:55.817058+00:00
Ruby Raider (Tracker),ruby-raider-tracker,monster,The Overgrowth,21 - 25 (22 - 26),26,1,21 - 25 (22 - 26),monster,The Overgrowth,3,1,22-26,Track / Hounds / Unleash the Hounds,Debuff::Track::Apply 2 Frail | Utility::Hounds::Damage 1x8 (1x9) | Utility::Unleash the Hounds::No effect text documented yet.,"Starts with Track, then uses Hounds every turn.",,"Ruby Raiders: 3 Ruby Raiders (randomly chose, only 1 allowed of each type)","Ruby Raider (Tracker) is a Slay the Spire 2 monster enemy found in The Overgrowth. This page collects HP ranges, move text, attack pattern notes, and mapped encounter appearances in one reference.",https://sts2.wiki/enemies/ruby-raider-tracker/,2026-05-17T08:53:55.817058+00:00
Shrinker Beetle,shrinker-beetle,monster,The Overgrowth,38 - 40 (40 - 42),42,2,38 - 40 (40 - 42),monster,The Overgrowth,3,2,40-42,Shrinker / Chomp 7 / Stomp 13,Utility::Shrinker::Apply Shrink | Attack::Chomp::Damage 7 (8) | Attack::Stomp::Damage 13 (14),Starts with Shrinker. Then alternates Chomp -> Stomp.,Shrink: Deal 30% reduced damage.,Overgrowth Crawlers: 1 Shrinker Beetle | Shrinker Beetle: 1 Shrinker Beetle,"Shrinker Beetle is a Slay the Spire 2 monster enemy found in The Overgrowth. This page collects HP ranges, move text, attack pattern notes, and mapped encounter appearances in one reference.",https://sts2.wiki/enemies/shrinker-beetle/,2026-05-17T08:53:55.817058+00:00
Slithering Strangler,slithering-strangler,monster,The Overgrowth,53 - 55 (54 - 56),56,1,53 - 55 (54 - 56),monster,The Overgrowth,4,1,54-56,Constrict / Thwack / Lash 12,Utility::Constrict::Apply 3 Constrict | Utility::Thwack::Damage 7 (8) / Block 5 | Attack::Lash::Damage 12 (13) | Utility::Twack::No effect text documented yet.,"Alternates between Constrict -> Thwack/Lash (chooses between Thwack and Lash at random, equally likely)","Constrict X: While the Slithering Strangler is alive, take X damage at the end of your turn.",Strangler and Friend: 1 Slithering Strangler,"Slithering Strangler is a Slay the Spire 2 monster enemy found in The Overgrowth. This page collects HP ranges, move text, attack pattern notes, and mapped encounter appearances in one reference.",https://sts2.wiki/enemies/slithering-strangler/,2026-05-17T08:53:55.817058+00:00
Snapping Jaxfruit,snapping-jaxfruit,monster,The Overgrowth,31 - 33 (34 - 36),36,2,31 - 33 (34 - 36),monster,The Overgrowth,1,2,34-36,Energy Orb 3,Attack::Energy Orb::Damage 3 (4) / Gain 2 Strength,Always uses Energy Orb.,,Overgrowth Flora: 1 Snapping Jaxfruit | Strangler and Friend: 1 Slithering Strangler,"Snapping Jaxfruit is a Slay the Spire 2 monster enemy found in The Overgrowth. This page collects HP ranges, move text, attack pattern notes, and mapped encounter appearances in one reference.",https://sts2.wiki/enemies/snapping-jaxfruit/,2026-05-17T08:53:55.817058+00:00
Twig Slime (M),twig-slime-m,monster,The Overgrowth,26 - 28 (27 - 29),29,4,26 - 28 (27 - 29),monster,The Overgrowth,2,4,27-29,Clump Shot 11 / Sticky Shot,Attack::Clump Shot::Damage 11 (12) | Utility::Sticky Shot::Add 1 Slimed to Discard,"Starts with Sticky Shot -> Clump Shot. Then chooses randomly each turn between Sticky Shot and Clump Shot (allowed options equally likely). Cannot use Sticky Shot twice in a row, and cannot use Clump shot more than twice in a row.",,Group of Slimes: 1 Medium Slime (randomly chosen) | Shroom and Slime: 1 Medium Slime (randomly chosen) | Strangler and Friend: 1 Slithering Strangler | Swarm of Slimes: 1 Twig Slime (Medium),"Twig Slime (M) is a Slay the Spire 2 monster enemy found in The Overgrowth. This page collects HP ranges, move text, attack pattern notes, and mapped encounter appearances in one reference.",https://sts2.wiki/enemies/twig-slime-m/,2026-05-17T08:53:55.817058+00:00
Twig Slime (S),twig-slime-s,monster,The Overgrowth,7 - 11 (8 - 12),12,3,7 - 11 (8 - 12),monster,The Overgrowth,2,3,8-12,Tackle / Butt,Utility::Tackle::Damage 4 (5) | Utility::Butt::No effect text documented yet.,Uses Tackle every turn.,,Group of Slimes: 1 Medium Slime (randomly chosen) | Strangler and Friend: 1 Slithering Strangler | Swarm of Slimes: 1 Twig Slime (Medium),"Twig Slime (S) is a Slay the Spire 2 monster enemy found in The Overgrowth. This page collects HP ranges, move text, attack pattern notes, and mapped encounter appearances in one reference.",https://sts2.wiki/enemies/twig-slime-s/,2026-05-17T08:53:55.817058+00:00
Vine Shambler,vine-shambler,monster,The Overgrowth,61 (64),64,1,61 (64),monster,The Overgrowth,3,1,,Grasping Vines 8 / Swipe 6 / Chomp 16,Attack::Grasping Vines::Damage 8 (9) / Apply 1 Tangled | Attack::Swipe::Damage 6x2 (7x2) | Attack::Chomp::Damage 16 (18),Cycles through Swipe -> Grasping Vines -> Chomp.,Tangled X: Attacks cost 1 additional energy for X turns.,Vine Shambler: 1 Vine Shambler,"Vine Shambler is a Slay the Spire 2 monster enemy found in The Overgrowth. This page collects HP ranges, move text, attack pattern notes, and mapped encounter appearances in one reference.",https://sts2.wiki/enemies/vine-shambler/,2026-05-17T08:53:55.817058+00:00
Calcified Cultist,calcified-cultist,monster,The Underdocks,38 - 41 (39 - 42),42,2,38 - 41 (39 - 42),monster,The Underdocks,2,2,39-42,Incantation / Dark Strike 9,Buff::Incantation::Gain Ritual 2 | Attack::Dark Strike::Damage 9 (11),Starts with Incantation. Then uses Dark Strike every turn after.,,Cultists: 1 Calcified Cultist | Underdocks Wildlife: 1 Calcified Cultist,"Calcified Cultist is a Slay the Spire 2 monster enemy found in The Underdocks. This page collects HP ranges, move text, attack pattern notes, and mapped encounter appearances in one reference.",https://sts2.wiki/enemies/calcified-cultist/,2026-05-17T08:53:55.817058+00:00
Corpse Slug,corpse-slug,monster,The Underdocks,25 - 27 (27 - 29),29,2,25 - 27 (27 - 29),monster,The Underdocks,4,2,27-29,Whip Slap 3 / Glomp 8 / Gloop,Attack::Whip Slap::Damage 3x2 | Attack::Glomp::Damage 8 (9) | Debuff::Gloop::Apply 2 Frail | Utility::Goop::No effect text documented yet.,First Corpse Slug picks its first move randomly. Each subsequent Corpse Slug starts with the next move in the cycle. Cycle through Whip Slap -> Glomp -> Gloop,"Starts with Ravenous 4 (5) | Ravenous X: When an enemy dies, become stunned and gain X Strength.",Corpse Slugs: 2 Corpse Slugs | Many Corpse Slugs: 3 Corpse Slugs,"Corpse Slug is a Slay the Spire 2 monster enemy found in The Underdocks. This page collects HP ranges, move text, attack pattern notes, and mapped encounter appearances in one reference.",https://sts2.wiki/enemies/corpse-slug/,2026-05-17T08:53:55.817058+00:00
Damp Cultist,damp-cultist,monster,The Underdocks,51 - 53 (52 - 54),54,1,51 - 53 (52 - 54),monster,The Underdocks,2,1,52-54,Incantation / Dark Strike 1,Buff::Incantation::Ritual 5 (6) | Attack::Dark Strike::Damage 1 (3),Starts with Incantation. Then uses Dark Strike every turn after.,,Cultists: 1 Calcified Cultist,"Damp Cultist is a Slay the Spire 2 monster enemy found in The Underdocks. This page collects HP ranges, move text, attack pattern notes, and mapped encounter appearances in one reference.",https://sts2.wiki/enemies/damp-cultist/,2026-05-17T08:53:55.817058+00:00
Fat Gremlin,fat-gremlin,monster,The Underdocks,13 - 17 (14 - 18),18,1,13 - 17 (14 - 18),monster,The Underdocks,2,1,14-18,Flee / Spawned,Utility::Flee::Escape from combat | Utility::Spawned::No effect text documented yet.,Always uses Flee.,Starts stunned when summoned after killing Gremlin Merc. | Keeps stolen gold if successfully Flees.,Two Gremlins in a Trenchcoat: 1 Gremlin Merc,"Fat Gremlin is a Slay the Spire 2 monster enemy found in The Underdocks. This page collects HP ranges, move text, attack pattern notes, and mapped encounter appearances in one reference.",https://sts2.wiki/enemies/fat-gremlin/,2026-05-17T08:53:55.817058+00:00
Fossil Stalker,fossil-stalker,monster,The Underdocks,51 - 53 (54 - 56),56,1,51 - 53 (54 - 56),monster,The Underdocks,3,1,54-56,Tackle 9 / Latch 12 / Lash 3,Attack::Tackle::Damage 9 (11) / Apply 1 Frail | Attack::Latch::Damage 12 (14) | Attack::Lash::Damage 3x2 (4x2),"Starts with Latch. Then chooses randomly between allowed options of Tackle, Latch, and Lash (allowed options equally likely). Moves cannot be used more than twice in a row.","Starts with Suck 3 | Suck X: Whenever Fossil Stalker deals unblocked attack damage, it gains X strength.",Fossil Stalker: 1 Fossil Stalker,"Fossil Stalker is a Slay the Spire 2 monster enemy found in The Underdocks. This page collects HP ranges, move text, attack pattern notes, and mapped encounter appearances in one reference.",https://sts2.wiki/enemies/fossil-stalker/,2026-05-17T08:53:55.817058+00:00
Gas Bomb (minion),gas-bomb-minion,monster,The Underdocks,10 (12),12,1,10 (12),monster,The Underdocks,1,1,,Explode 8,Attack::Explode::Damage 8 (9) / Dies,Uses Explode and dies.,Gas Bomb is a minion.,Evil Gas: 1 Living Fog,"Gas Bomb (minion) is a Slay the Spire 2 monster enemy found in The Underdocks. This page collects HP ranges, move text, attack pattern notes, and mapped encounter appearances in one reference.",https://sts2.wiki/enemies/gas-bomb-minion/,2026-05-17T08:53:55.817058+00:00
Gremlin Merc,gremlin-merc,monster,The Underdocks,47 - 49 (51 - 53),53,1,47 - 49 (51 - 53),monster,The Underdocks,3,1,51-53,Gimme 7 / Double Smash 6 / Hehe 8,Attack::Gimme::Damage 7x2 (8x2) | Attack::Double Smash::Damage 6x2 (7x2) / Apply 2 Weak | Attack::Hehe::Damage 8 (9) / Gain 2 Strength,Cycles through Gimme -> Double Smash -> Hehe.,"Starts with Surprise and Thievery 20 | Surprise: When killed, summons 1 Sneaky Gremlin and 1 Fat Gremlin (they start stunned) | Thievery X: Steals X gold when attacking (stolen gold is held by Fat Gremlin once summoned)",Two Gremlins in a Trenchcoat: 1 Gremlin Merc,"Gremlin Merc is a Slay the Spire 2 monster enemy found in The Underdocks. This page collects HP ranges, move text, attack pattern notes, and mapped encounter appearances in one reference.",https://sts2.wiki/enemies/gremlin-merc/,2026-05-17T08:53:55.817058+00:00
Haunted Ship,haunted-ship,monster,The Underdocks,63 (67),67,1,63 (67),monster,The Underdocks,4,1,,Ramming Speed 10 / Swipe 13 / Stomp 4,Attack::Ramming Speed::Damage 10 (11) / Add 2 Wounds to Discard | Attack::Swipe::Damage 13 (14) | Attack::Stomp::Damage 4x3 (5x3) | Debuff::Haunt::Apply 2 Weak / Apply 2 Frail / Apply 2 Vulnerable,"Starts with Ramming Speed -> Haunt. Then picks randomly between Ramming Speed, Swipe, and Stomp (allowed options equally likely). Cannot use same move twice in a row.",,Haunted Ship: 1 Haunted Ship,"Haunted Ship is a Slay the Spire 2 monster enemy found in The Underdocks. This page collects HP ranges, move text, attack pattern notes, and mapped encounter appearances in one reference.",https://sts2.wiki/enemies/haunted-ship/,2026-05-17T08:53:55.817058+00:00
Living Fog,living-fog,monster,The Underdocks,80 (82),82,1,80 (82),monster,The Underdocks,3,1,,Advanced Gas 8 / Bloat 5 / Super Gas Blast 8,"Attack::Advanced Gas::Damage 8 (9) / Apply Smoggy | Attack::Bloat::Summon N Gas Bombs / (N = # times Bloat has been used + 1, capped to 5) | Attack::Super Gas Blast::Damage 8 (9)",Starts with Advanced Gas. Then alternates between Bloat -> Super Gas Blast.,Smoggy: You can only play 1 skill per turn.,Evil Gas: 1 Living Fog,"Living Fog is a Slay the Spire 2 monster enemy found in The Underdocks. This page collects HP ranges, move text, attack pattern notes, and mapped encounter appearances in one reference.",https://sts2.wiki/enemies/living-fog/,2026-05-17T08:53:55.817058+00:00
Seapunk,seapunk,monster,The Underdocks,44 - 46 (47 - 49),49,1,44 - 46 (47 - 49),monster,The Underdocks,3,1,47-49,Sea Kick 11 / Spinning Kick 2 / Bubble Burp,Attack::Sea Kick::Damage 11 (12) | Attack::Spinning Kick::Damage 2x4 | Buff::Bubble Burp::Block 7 (8) / Gain 1 (2) Strength,Cycles through Sea Kick -> Spinning Kick -> Bubble Burp.,,Seapunk: 1 Seapunk,"Seapunk is a Slay the Spire 2 monster enemy found in The Underdocks. This page collects HP ranges, move text, attack pattern notes, and mapped encounter appearances in one reference.",https://sts2.wiki/enemies/seapunk/,2026-05-17T08:53:55.817058+00:00
Sewer Clam,sewer-clam,monster,The Underdocks,56 (58),58,1,56 (58),monster,The Underdocks,2,1,,Pressurize / Jet 10,Buff::Pressurize::Strength 4 | Attack::Jet::Damage 10 (11),Alternates between Pressurize -> Jet.,Starts with Plating 8 (9).,Sewer Clam: 1 Sewer Clam,"Sewer Clam is a Slay the Spire 2 monster enemy found in The Underdocks. This page collects HP ranges, move text, attack pattern notes, and mapped encounter appearances in one reference.",https://sts2.wiki/enemies/sewer-clam/,2026-05-17T08:53:55.817058+00:00
Sludge Spinner,sludge-spinner,monster,The Underdocks,37 - 39 (41 - 42),42,1,37 - 39 (41 - 42),monster,The Underdocks,3,1,41-42,Oil Spray 8 / Slam 11 / Rage 6,Attack::Oil Spray::Damage 8 (9) / Weak 1 | Attack::Slam::Damage 11 (12) | Attack::Rage::Damage 6 (7) / Strength 3,Starts with Oil Spray. Then chooses randomly between all allowed moves each turn. Cannot use any move twice in a row.,,Sludge Spinner: 1 Sludge Spinner,"Sludge Spinner is a Slay the Spire 2 monster enemy found in The Underdocks. This page collects HP ranges, move text, attack pattern notes, and mapped encounter appearances in one reference.",https://sts2.wiki/enemies/sludge-spinner/,2026-05-17T08:53:55.817058+00:00
Sneaky Gremlin,sneaky-gremlin,monster,The Underdocks,10 - 14 (11 - 15),15,1,10 - 14 (11 - 15),monster,The Underdocks,2,1,11-15,Tackle 9 / Spawned,Attack::Tackle::Damage 9 (10) | Utility::Spawned::No effect text documented yet.,Always uses Tackle.,Starts stunned when summoned after killing Gremlin Merc.,Two Gremlins in a Trenchcoat: 1 Gremlin Merc,"Sneaky Gremlin is a Slay the Spire 2 monster enemy found in The Underdocks. This page collects HP ranges, move text, attack pattern notes, and mapped encounter appearances in one reference.",https://sts2.wiki/enemies/sneaky-gremlin/,2026-05-17T08:53:55.817058+00:00
Toadpole,toadpole,monster,The Underdocks,21 - 25 (22 - 26),26,2,21 - 25 (22 - 26),monster,The Underdocks,3,2,22-26,Spike Spit 3 / Whirl 7 / Spiken,Attack::Spike Spit::Lose 2 Thorns / Damage 3x3 (4x3) | Attack::Whirl::Damage 7 (8) | Buff::Spiken::Gain 2 Thorns,Front Toadpole starts with Spiken. Non-front Toadpole(s) start with Whirl. Then continue following cycle Spike Spit -> Whirl -> Spiken (then repeat).,,Toadpoles: 2 Toadpoles | Underdocks Wildlife: 1 Calcified Cultist,"Toadpole is a Slay the Spire 2 monster enemy found in The Underdocks. This page collects HP ranges, move text, attack pattern notes, and mapped encounter appearances in one reference.",https://sts2.wiki/enemies/toadpole/,2026-05-17T08:53:55.817058+00:00
Two-Tailed Rat,two-tailed-rat,monster,The Underdocks,17 - 21 (18 - 22),22,1,17 - 21 (18 - 22),monster,The Underdocks,4,1,18-22,Scratch 8 / Disease Bite 6 / Screech,Attack::Scratch::Damage 8 (9) | Attack::Disease Bite::Damage 6 (7) | Debuff::Screech::Apply 1 Frail | Utility::Call for Backup::Summon Two-Tailed Rat / (with random intent),"First Rat starts randomly with Scratch, Disesase Bite, or Screech. 2nd Rat has next move after it in the cycle Scratch -> Disease Bite -> Screech, and 3rd Rat has the next after that. -> A rat cannot Call for Backup until it has taken 2 turns. Each rat can only Call for Backup once. Only 1 rat can Call for Backup in any particular turn. Call for Backup can only be used 3 times total across all rats. -> If Call for Backup is not allowed for a rat, it picks randomly between Scratch, Disease Bite, and Screech (equal weight among allowed options). -> If Call for Backup is allowed for a rat, then it has a 75% chance to Call for Backup, and remaining 25% to pick randomly between Scratch, Disease Bite, and Screech (equal weight among allowed options). -> Screech has a 3 turn cooldown. Scratch and Disease Bite cannot be used twice in a row.",,Two-Tailed Rats: 3 Two-Tailed Rats,"Two-Tailed Rat is a Slay the Spire 2 monster enemy found in The Underdocks. This page collects HP ranges, move text, attack pattern notes, and mapped encounter appearances in one reference.",https://sts2.wiki/enemies/two-tailed-rat/,2026-05-17T08:53:55.817058+00:00
